"Periodo","Trimestre móvil cronológico","Poblacion total GEIH DANE","Poblacion en edad de trabajar","Fuerza de trabajo","Ocupados","Desocupados","Poblacion fuera de la fuerza laboral","Subocupados","Fuerza de trabajo potencial","Ocupados  asalariados","Ocupados no asalariados","Total informales DANE ","Porcentaje poblacion en edad de trabajar","Tasa global de participacion","Tasa de ocupacion","Tasa de desocupacion","Tasa de subocupados","Tasa ocupados asalariados","Tasa ocupados  no asalariados","Tasa fuerza potencial de trabajo","Tasa  de informalidad DANE ","COMPRAVENTAS","PIB a precios corrientes","PIB a precios constantes del 2015","Variación anual precios constantes 2015 ","Variacion trimestral precios constantes 2015","Variacion anual precios corrientes","Variacion trimestral precios corrientes","No CONTRIBUYENTES","VALOR APORTE VOLUNTARIO","Salario Mínimo","Variación vs año anterior","Casas (Variacion Anual)","Apartamentos (Variacion Anual)"
"2005","1.00","","","","","","","","","","","","","","","","","","","","","","7199.43","10985.43","","","","","","","381500.00","0.07","14.38","10.48"
"2005","1.00","","","","","","","","","","","","","","","","","","","","","","7199.43","10985.43","","","","","","","381500.00","0.07","14.38","10.48"
"2005","1.00","","","","","","","","","","","","","","","","","","","","","","7199.43","10985.43","","","","","","","381500.00","0.07","14.38","10.48"
"2005","2.00","","","","","","","","","","","","","","","","","","","","","","7468.32","11237.16","","0.76","","1.24","","","381500.00","0.07","12.01","6.79"
"2005","2.00","","","","","","","","","","","","","","","","","","","","","","7468.32","11237.16","","0.76","","1.24","","","381500.00","0.07","12.01","6.79"
"2005","2.00","","","","","","","","","","","","","","","","","","","","","","7468.32","11237.16","","0.76","","1.24","","","381500.00","0.07","12.01","6.79"
"2005","3.00","","","","","","","","","","","","","","","","","","","","","","7604.49","11386.08","","0.44","","0.61","","","381500.00","0.07","9.64","4.56"
"2005","3.00","","","","","","","","","","","","","","","","","","","","","","7604.49","11386.08","","0.44","","0.61","","","381500.00","0.07","9.64","4.56"
"2005","3.00","","","","","","","","","","","","","","","","","","","","","","7604.49","11386.08","","0.44","","0.61","","","381500.00","0.07","9.64","4.56"
"2005","4.00","","","","","","","","","","","","","","","","","","","","","","7671.69","11462.95","","0.23","","0.29","","","381500.00","0.07","9.83","6.07"
"2005","4.00","","","","","","","","","","","","","","","","","","","","","","7671.69","11462.95","","0.23","","0.29","","","381500.00","0.07","9.83","6.07"
"2005","4.00","","","","","","","","","","","","","","","","","","","","","","7671.69","11462.95","","0.23","","0.29","","","381500.00","0.07","9.83","6.07"
"2006","1.00","","","","","","","","","","","","","","","","","","","","","","7992.08","11729.68","2.26","0.78","3.67","1.39","1993.33","46538570.83","408000.00","0.07","3.58","5.04"
"2006","1.00","","","","","","","","","","","","","","","","","","","","","","7992.08","11729.68","2.26","0.78","3.67","1.39","1993.33","46538570.83","408000.00","0.07","3.58","5.04"
"2006","1.00","","","","","","","","","","","","","","","","","","","","","","7992.08","11729.68","2.26","0.78","3.67","1.39","1993.33","46538570.83","408000.00","0.07","3.58","5.04"
"2006","2.00","","","","","","","","","","","","","","","","","","","","","","8252.80","11941.51","2.09","0.60","3.50","1.09","1993.33","46538570.83","408000.00","0.07","1.32","6.41"
"2006","2.00","","","","","","","","","","","","","","","","","","","","","","8252.80","11941.51","2.09","0.60","3.50","1.09","1993.33","46538570.83","408000.00","0.07","1.32","6.41"
"2006","2.00","","","","","","","","","","","","","","","","","","","","","","8252.80","11941.51","2.09","0.60","3.50","1.09","1993.33","46538570.83","408000.00","0.07","1.32","6.41"
"2006","3.00","","","","","","","","","","","","","","","","","","","","","","8548.79","12152.69","2.24","0.59","4.14","1.20","1993.33","46538570.83","408000.00","0.07","-6.61","9.95"
"2006","3.00","","","","","","","","","","","","","","","","","","","","","","8548.79","12152.69","2.24","0.59","4.14","1.20","1993.33","46538570.83","408000.00","0.07","-6.61","9.95"
"2006","3.00","","","","","","","","","","","","","","","","","","","","","","8548.79","12152.69","2.24","0.59","4.14","1.20","1993.33","46538570.83","408000.00","0.07","-6.61","9.95"
"2006","4.00","","","","","","","","","","","","","","","","","","","","","","8693.60","12223.24","2.21","0.19","4.44","0.56","1993.33","46538570.83","408000.00","0.07","0.03","9.88"
"2006","4.00","","","","","","","","","","","","","","","","","","","","","","8693.60","12223.24","2.21","0.19","4.44","0.56","1993.33","46538570.83","408000.00","0.07","0.03","9.88"
"2006","4.00","","","","","","","","","","","","","","","","","","","","","","8693.60","12223.24","2.21","0.19","4.44","0.56","1993.33","46538570.83","408000.00","0.07","0.03","9.88"
"2007","1.00","6837428.67","4964136.67","3397221.67","3009233.19","387988.48","1566914.99","275392.70","0.00","0.00","0.00","-","72.60","68.44","60.62","11.42","8.11","0.00","0.00","31.56","-","","9197.16","12710.55","2.79","1.33","5.03","1.93","1706.58","42328930.67","433700.00","0.06","7.38","13.93"
"2007","1.00","6844114.67","4973209.00","3380500.92","3032565.33","347935.59","1592708.08","313027.35","0.00","0.00","0.00","-","72.66","67.97","60.98","10.29","9.26","0.00","0.00","32.03","-","","9197.16","12710.55","2.79","1.33","5.03","1.93","1706.58","42328930.67","433700.00","0.06","7.38","13.93"
"2007","1.00","6850669.67","4982164.33","3403164.71","3045074.86","358089.84","1578999.63","308392.09","0.00","0.00","0.00","-","72.73","68.31","61.12","10.52","9.06","0.00","0.00","31.69","-","","9197.16","12710.55","2.79","1.33","5.03","1.93","1706.58","42328930.67","433700.00","0.06","7.38","13.93"
"2007","2.00","6857390.33","4991403.67","3427483.06","3061722.09","365760.96","1563920.61","315953.08","0.00","0.00","0.00","-","72.79","68.67","61.34","10.67","9.22","0.00","0.00","31.33","-","","9131.76","12510.85","1.59","-0.52","3.55","-0.24","1706.58","42328930.67","433700.00","0.06","10.58","15.48"
"2007","2.00","6863981.33","5000522.00","3451183.04","3063205.55","387977.49","1549338.96","320213.17","0.00","0.00","0.00","-","72.85","69.02","61.26","11.24","9.28","0.00","0.00","30.98","-","","9131.76","12510.85","1.59","-0.52","3.55","-0.24","1706.58","42328930.67","433700.00","0.06","10.58","15.48"
"2007","2.00","6870587.33","5009717.00","3417321.35","3037823.59","379497.77","1592395.65","344933.98","0.00","0.00","0.00","-","72.92","68.21","60.64","11.11","10.09","0.00","0.00","31.79","-","","9131.76","12510.85","1.59","-0.52","3.55","-0.24","1706.58","42328930.67","433700.00","0.06","10.58","15.48"
"2007","3.00","6877136.33","5018889.67","3436239.48","3070533.49","365705.99","1582650.19","338495.91","0.00","0.00","0.00","-","72.98","68.47","61.18","10.64","9.85","0.00","0.00","31.53","-","","9422.02","12784.56","1.73","0.73","3.40","1.06","1706.58","42328930.67","433700.00","0.06","28.74","19.01"
"2007","3.00","6883630.00","5028039.33","3456225.82","3103014.99","353210.83","1571813.51","303285.06","0.00","0.00","0.00","-","73.04","68.74","61.71","10.22","8.78","0.00","0.00","31.26","-","","9422.02","12784.56","1.73","0.73","3.40","1.06","1706.58","42328930.67","433700.00","0.06","28.74","19.01"
"2007","3.00","6890072.33","5037171.67","3480968.12","3165020.52","315947.60","1556203.55","327596.36","0.00","0.00","0.00","-","73.11","69.11","62.83","9.08","9.41","0.00","0.00","30.89","-","","9422.02","12784.56","1.73","0.73","3.40","1.06","1706.58","42328930.67","433700.00","0.06","28.74","19.01"
"2007","4.00","6896394.00","5046187.00","3450401.44","3140410.61","309990.83","1595785.56","349905.38","0.00","0.00","0.00","-","73.17","68.38","62.23","8.98","10.14","0.00","0.00","31.62","-","","9729.24","13080.31","2.34","0.77","3.97","1.09","1706.58","42328930.67","433700.00","0.06","18.24","18.46"
"2007","4.00","6902741.00","5055290.00","3464000.00","3139538.68","324461.32","1591290.00","408116.10","0.00","0.00","0.00","-","73.24","68.52","62.10","9.37","11.78","0.00","0.00","31.48","-","","9729.24","13080.31","2.34","0.77","3.97","1.09","1706.58","42328930.67","433700.00","0.06","18.24","18.46"
"2007","4.00","6909039.33","5064379.67","3513197.89","3132242.26","380955.62","1551181.78","433554.63","0.00","0.00","0.00","-","73.30","69.37","61.85","10.84","12.34","0.00","0.00","30.63","-","","9729.24","13080.31","2.34","0.77","3.97","1.09","1706.58","42328930.67","433700.00","0.06","18.24","18.46"
"2008","1.00","6915230.00","5073363.67","3598677.52","3189265.50","409412.02","1474686.15","480778.26","0.00","0.00","0.00","-","73.37","70.93","62.86","11.38","13.36","0.00","0.00","29.07","-","","9886.35","13129.59","1.10","0.13","2.50","0.54","1449.58","37017233.33","461500.00","0.06","17.55","14.40"
"2008","1.00","6921380.00","5082342.00","3631030.58","3234659.97","396370.62","1451311.42","441163.18","0.00","0.00","0.00","-","73.43","71.44","63.65","10.92","12.15","0.00","0.00","28.56","-","","9886.35","13129.59","1.10","0.13","2.50","0.54","1449.58","37017233.33","461500.00","0.06","17.55","14.40"
"2008","1.00","6927427.67","5091219.67","3605848.29","3237581.95","368266.34","1485371.37","379515.09","0.00","0.00","0.00","-","73.49","70.82","63.59","10.21","10.52","0.00","0.00","29.18","-","","9886.35","13129.59","1.10","0.13","2.50","0.54","1449.58","37017233.33","461500.00","0.06","17.55","14.40"
"2008","2.00","6933576.00","5100295.00","3525106.67","3179091.09","346015.58","1575188.33","311662.47","0.00","0.00","0.00","-","73.56","69.12","62.33","9.82","8.84","0.00","0.00","30.88","-","","10072.86","13189.08","1.81","0.15","3.44","0.63","1449.58","37017233.33","461500.00","0.06","14.01","14.37"
"2008","2.00","6939624.33","5109273.33","3564964.20","3208054.97","356909.23","1544309.14","367548.41","0.00","0.00","0.00","-","73.62","69.77","62.79","10.01","10.31","0.00","0.00","30.23","-","","10072.86","13189.08","1.81","0.15","3.44","0.63","1449.58","37017233.33","461500.00","0.06","14.01","14.37"
"2008","2.00","6945708.67","5118355.00","3583624.35","3215907.95","367716.40","1534730.65","422145.41","0.00","0.00","0.00","-","73.69","70.02","62.83","10.26","11.78","0.00","0.00","29.98","-","","10072.86","13189.08","1.81","0.15","3.44","0.63","1449.58","37017233.33","461500.00","0.06","14.01","14.37"
"2008","3.00","6951763.67","5127443.00","3621003.81","3256662.84","364340.97","1506439.19","486012.85","0.00","0.00","0.00","-","73.76","70.62","63.51","10.06","13.42","0.00","0.00","29.38","-","","10256.13","13239.00","1.18","0.13","2.95","0.61","1449.58","37017233.33","461500.00","0.06","16.62","13.10"
"2008","3.00","6957789.33","5136537.00","3593964.41","3233255.77","360708.64","1542572.59","499691.35","0.00","0.00","0.00","-","73.82","69.97","62.95","10.04","13.90","0.00","0.00","30.03","-","","10256.13","13239.00","1.18","0.13","2.95","0.61","1449.58","37017233.33","461500.00","0.06","16.62","13.10"
"2008","3.00","6963786.00","5145638.67","3559909.19","3230403.50","329505.68","1585729.48","496415.78","0.00","0.00","0.00","-","73.89","69.18","62.78","9.26","13.94","0.00","0.00","30.82","-","","10256.13","13239.00","1.18","0.13","2.95","0.61","1449.58","37017233.33","461500.00","0.06","16.62","13.10"
"2008","4.00","6969686.67","5154647.00","3559179.91","3236359.06","322820.85","1595467.09","455635.06","0.00","0.00","0.00","-","73.96","69.05","62.79","9.07","12.80","0.00","0.00","30.95","-","","10484.87","13206.63","0.32","-0.08","2.59","0.74","1449.58","37017233.33","461500.00","0.06","19.58","16.24"
"2008","4.00","6975623.67","5163761.67","3544669.91","3188746.64","355923.27","1619091.76","411127.82","0.00","0.00","0.00","-","74.03","68.65","61.75","10.04","11.60","0.00","0.00","31.35","-","","10484.87","13206.63","0.32","-0.08","2.59","0.74","1449.58","37017233.33","461500.00","0.06","19.58","16.24"
"2008","4.00","6981529.00","5172882.33","3621004.49","3208241.36","412763.12","1551877.85","392535.67","0.00","0.00","0.00","-","74.09","70.00","62.02","11.40","10.84","0.00","0.00","30.00","-","","10484.87","13206.63","0.32","-0.08","2.59","0.74","1449.58","37017233.33","461500.00","0.06","19.58","16.24"
"2009","1.00","6987277.33","5181810.00","3662496.26","3204662.20","457834.05","1519313.74","385020.38","0.00","0.00","0.00","-","74.16","70.68","61.84","12.50","10.51","0.00","0.00","29.32","-","","10681.79","13410.94","0.71","0.52","2.68","0.63","907.92","21722308.58","496900.00","0.08","11.91","15.16"
"2009","1.00","6992995.00","5190745.33","3695655.01","3256129.31","439525.71","1495090.32","363177.61","0.00","0.00","0.00","-","74.23","71.20","62.73","11.89","9.83","0.00","0.00","28.80","-","","10681.79","13410.94","0.71","0.52","2.68","0.63","907.92","21722308.58","496900.00","0.08","11.91","15.16"
"2009","1.00","6998618.33","5199587.00","3674081.05","3245819.85","428261.20","1525505.95","338384.94","0.00","0.00","0.00","-","74.29","70.66","62.42","11.66","9.21","0.00","0.00","29.34","-","","10681.79","13410.94","0.71","0.52","2.68","0.63","907.92","21722308.58","496900.00","0.08","11.91","15.16"
"2009","2.00","7004402.00","5208734.67","3694443.26","3274267.81","420175.46","1514291.40","376095.72","0.00","0.00","0.00","-","74.36","70.93","62.86","11.37","10.18","0.00","0.00","29.07","-","","10830.63","13476.05","0.73","0.16","2.51","0.46","907.92","21722308.58","496900.00","0.08","9.31","12.56"
"2009","2.00","7010089.67","5217788.00","3731155.07","3301343.22","429811.85","1486632.93","416925.49","0.00","0.00","0.00","-","74.43","71.51","63.27","11.52","11.17","0.00","0.00","28.49","-","","10830.63","13476.05","0.73","0.16","2.51","0.46","907.92","21722308.58","496900.00","0.08","9.31","12.56"
"2009","2.00","7015806.67","5226946.33","3744503.13","3310748.59","433754.54","1482443.20","423558.42","0.00","0.00","0.00","-","74.50","71.64","63.34","11.58","11.31","0.00","0.00","28.36","-","","10830.63","13476.05","0.73","0.16","2.51","0.46","907.92","21722308.58","496900.00","0.08","9.31","12.56"
"2009","3.00","7021489.33","5236109.33","3734879.51","3304357.88","430521.63","1501229.83","386167.84","0.00","0.00","0.00","-","74.57","71.33","63.11","11.53","10.34","0.00","0.00","28.67","-","","10909.51","13402.81","0.41","-0.18","2.12","0.24","907.92","21722308.58","496900.00","0.08","10.71","9.23"
"2009","3.00","7027137.00","5245273.33","3732121.36","3304802.49","427318.88","1513151.97","386144.09","0.00","0.00","0.00","-","74.64","71.15","63.01","11.45","10.35","0.00","0.00","28.85","-","","10909.51","13402.81","0.41","-0.18","2.12","0.24","907.92","21722308.58","496900.00","0.08","10.71","9.23"
"2009","3.00","7032743.67","5254434.33","3760615.30","3338492.22","422123.08","1493819.04","389030.81","0.00","0.00","0.00","-","74.71","71.57","63.54","11.22","10.34","0.00","0.00","28.43","-","","10909.51","13402.81","0.41","-0.18","2.12","0.24","907.92","21722308.58","496900.00","0.08","10.71","9.23"
"2009","4.00","7038245.33","5263488.00","3812333.53","3387202.08","425131.45","1451154.47","392019.50","0.00","0.00","0.00","-","74.78","72.43","64.35","11.15","10.28","0.00","0.00","27.57","-","","11135.56","13579.93","0.94","0.44","2.07","0.69","907.92","21722308.58","496900.00","0.08","-1.57","5.69"
"2009","4.00","7043758.67","5272629.33","3822237.80","3349096.77","473141.36","1450391.54","422391.44","0.00","0.00","0.00","-","74.86","72.49","63.52","12.38","11.05","0.00","0.00","27.51","-","","11135.56","13579.93","0.94","0.44","2.07","0.69","907.92","21722308.58","496900.00","0.08","-1.57","5.69"
"2009","4.00","7049222.67","5281756.00","3829403.54","3332789.96","496613.91","1452352.46","494591.88","0.00","0.00","0.00","-","74.93","72.50","63.10","12.97","12.92","0.00","0.00","27.50","-","","11135.56","13579.93","0.94","0.44","2.07","0.69","907.92","21722308.58","496900.00","0.08","-1.57","5.69"
"2010","1.00","7054518.33","5290666.67","3794081.00","3302097.67","491983.67","1496585.67","531052.00","0.00","1959669.33","1342428.33","-","75.00","71.71","62.41","12.97","14.00","59.35","40.65","28.29","-","","11299.79","13695.68","0.71","0.28","1.93","0.49","937.25","25540816.67","515000.00","0.04","3.03","7.40"
"2010","1.00","7059758.00","5299554.00","3791909.00","3356444.00","435465.00","1507645.00","512054.00","0.00","2011820.00","1344624.00","-","75.07","71.55","63.33","11.48","13.50","59.94","40.06","28.45","-","","11299.79","13695.68","0.71","0.28","1.93","0.49","937.25","25540816.67","515000.00","0.04","3.03","7.40"
"2010","1.00","7064881.67","5308318.00","3801378.67","3377144.00","424234.67","1506939.33","480423.33","0.00","1996612.00","1380532.00","-","75.14","71.61","63.62","11.16","12.64","59.12","40.88","28.39","-","","11299.79","13695.68","0.71","0.28","1.93","0.49","937.25","25540816.67","515000.00","0.04","3.03","7.40"
"2010","2.00","7070118.00","5317347.67","3835839.67","3398080.67","437759.00","1481508.00","485606.33","0.00","2015816.00","1382264.67","-","75.21","72.14","63.91","11.41","12.66","59.32","40.68","27.86","-","","11509.62","13815.06","0.84","0.29","2.09","0.62","937.25","25540816.67","515000.00","0.04","10.00","7.97"
"2010","2.00","7075231.00","5326245.00","3868365.67","3412382.00","455983.67","1457879.33","541506.67","0.00","2020269.00","1392113.00","-","75.28","72.63","64.07","11.79","14.00","59.20","40.80","27.37","-","","11509.62","13815.06","0.84","0.29","2.09","0.62","937.25","25540816.67","515000.00","0.04","10.00","7.97"
"2010","2.00","7080331.00","5335200.00","3878232.67","3450163.67","428069.00","1456967.33","578230.67","0.00","2063190.33","1386973.33","-","75.35","72.69","64.67","11.04","14.91","59.80","40.20","27.31","-","","11509.62","13815.06","0.84","0.29","2.09","0.62","937.25","25540816.67","515000.00","0.04","10.00","7.97"
"2010","3.00","7085358.33","5344112.33","3899623.33","3495259.00","404364.33","1444489.00","599589.00","0.00","2090303.67","1404955.33","-","75.42","72.97","65.40","10.37","15.38","59.80","40.20","27.03","-","","11735.80","13985.85","1.45","0.41","2.52","0.66","937.25","25540816.67","515000.00","0.04","-1.62","9.01"
"2010","3.00","7090315.00","5352980.67","3930703.33","3568322.67","362380.67","1422277.33","613395.33","0.00","2099615.33","1468707.33","-","75.50","73.43","66.66","9.22","15.61","58.84","41.16","26.57","-","","11735.80","13985.85","1.45","0.41","2.52","0.66","937.25","25540816.67","515000.00","0.04","-1.62","9.01"
"2010","3.00","7095194.33","5361798.67","3981350.67","3633699.00","347652.00","1380448.00","579862.67","0.00","2085093.67","1548605.33","-","75.57","74.25","67.77","8.73","14.56","57.38","42.62","25.75","-","","11735.80","13985.85","1.45","0.41","2.52","0.66","937.25","25540816.67","515000.00","0.04","-1.62","9.01"
"2010","4.00","7099943.00","5370468.33","4020222.33","3670529.33","349693.33","1350246.00","577538.33","0.00","2105142.67","1565386.67","-","75.64","74.86","68.35","8.70","14.37","57.35","42.65","25.14","-","","12034.92","14306.39","1.78","0.76","2.69","0.85","937.25","25540816.67","515000.00","0.04","7.45","10.84"
"2010","4.00","7104663.33","5379174.33","4018232.67","3618892.33","399340.67","1360941.67","536466.33","0.00","2107835.00","1511057.33","-","75.71","74.70","67.28","9.94","13.35","58.25","41.75","25.30","-","","12034.92","14306.39","1.78","0.76","2.69","0.85","937.25","25540816.67","515000.00","0.04","7.45","10.84"
"2010","4.00","7109301.00","5387818.33","4001724.67","3548640.33","453084.33","1386093.67","565014.67","0.00","2063218.67","1485421.67","-","75.79","74.27","65.86","11.32","14.12","58.14","41.86","25.73","-","","12034.92","14306.39","1.78","0.76","2.69","0.85","937.25","25540816.67","515000.00","0.04","7.45","10.84"
"2011","1.00","7113758.33","5396212.33","3992942.00","3521912.33","471029.67","1403270.33","575857.67","0.00","2060603.00","1461309.33","-","75.86","74.00","65.27","11.80","14.42","58.51","41.49","26.00","-","","12379.00","14512.88","1.99","0.48","3.18","0.95","795.58","18333916.67","535600.00","0.04","9.93","10.99"
"2011","1.00","7118130.67","5404538.33","3991564.67","3553866.33","437698.33","1412973.67","584834.33","0.00","2054495.67","1499370.67","-","75.93","73.86","65.76","10.97","14.65","57.81","42.19","26.14","-","","12379.00","14512.88","1.99","0.48","3.18","0.95","795.58","18333916.67","535600.00","0.04","9.93","10.99"
"2011","1.00","7122368.00","5412701.00","3997314.00","3598432.33","398882.00","1415387.00","560793.33","0.00","2120338.33","1478094.00","-","76.00","73.85","66.48","9.98","14.03","58.92","41.08","26.15","-","","12379.00","14512.88","1.99","0.48","3.18","0.95","795.58","18333916.67","535600.00","0.04","9.93","10.99"
"2011","2.00","7126660.33","5421064.00","4031109.00","3640086.67","391022.67","1389955.00","538919.67","0.00","2130557.67","1509529.00","-","76.07","74.36","67.15","9.70","13.37","58.53","41.47","25.64","-","","12604.08","14660.54","2.04","0.34","3.17","0.61","795.58","18333916.67","535600.00","0.04","7.89","11.17"
"2011","2.00","7130816.67","5429258.33","4076058.33","3681090.67","394968.33","1353200.00","544974.67","0.00","2167027.33","1514063.33","-","76.14","75.08","67.80","9.69","13.37","58.87","41.13","24.92","-","","12604.08","14660.54","2.04","0.34","3.17","0.61","795.58","18333916.67","535600.00","0.04","7.89","11.17"
"2011","2.00","7134924.67","5437459.33","4078011.00","3698712.00","379299.33","1359448.33","559128.00","0.00","2150337.67","1548374.33","-","76.21","75.00","68.02","9.30","13.71","58.14","41.86","25.00","-","","12604.08","14660.54","2.04","0.34","3.17","0.61","795.58","18333916.67","535600.00","0.04","7.89","11.17"
"2011","3.00","7138938.00","5445573.67","4090837.67","3747994.67","342843.33","1354736.00","554593.67","0.00","2174939.33","1573055.33","-","76.28","75.12","68.83","8.38","13.56","58.03","41.97","24.88","-","","12898.16","14921.74","2.23","0.59","3.30","0.78","795.58","18333916.67","535600.00","0.04","6.06","10.95"
"2011","3.00","7142858.00","5453602.00","4117503.67","3787488.00","330015.67","1336098.33","556332.00","0.00","2136869.67","1650618.33","-","76.35","75.50","69.45","8.01","13.51","56.42","43.58","24.50","-","","12898.16","14921.74","2.23","0.59","3.30","0.78","795.58","18333916.67","535600.00","0.04","6.06","10.95"
"2011","3.00","7146684.33","5461541.67","4153037.67","3820773.00","332264.67","1308504.00","590449.00","0.00","2144643.33","1676129.67","-","76.42","76.04","69.96","8.00","14.22","56.13","43.87","23.96","-","","12898.16","14921.74","2.23","0.59","3.30","0.78","795.58","18333916.67","535600.00","0.04","6.06","10.95"
"2011","4.00","7150381.33","5469310.67","4153468.33","3791053.33","362415.00","1315842.33","606590.67","0.00","2111605.67","1679447.67","-","76.49","75.94","69.32","8.73","14.60","55.70","44.30","24.06","-","","13015.87","14861.41","1.29","-0.13","2.72","0.30","795.58","18333916.67","535600.00","0.04","5.72","11.49"
"2011","4.00","7154031.67","5477079.00","4115515.33","3709390.00","406125.33","1361563.67","592341.67","0.00","2131684.33","1577705.67","-","76.56","75.14","67.73","9.87","14.39","57.47","42.53","24.86","-","","13015.87","14861.41","1.29","-0.13","2.72","0.30","795.58","18333916.67","535600.00","0.04","5.72","11.49"
"2011","4.00","7157593.67","5484759.00","4095429.67","3644439.00","450990.67","1389329.33","566478.33","0.00","2122140.00","1522299.00","-","76.63","74.67","66.45","11.01","13.83","58.23","41.77","25.33","-","","13015.87","14861.41","1.29","-0.13","2.72","0.30","795.58","18333916.67","535600.00","0.04","5.72","11.49"
"2012","1.00","7161035.00","5492272.00","4113977.00","3667936.33","446040.67","1378295.00","563940.33","0.00","2144422.00","1523514.33","-","76.70","74.90","66.78","10.84","13.71","58.46","41.54","25.10","-","","13307.06","15049.03","1.23","0.42","2.50","0.75","507.25","14298250.00","566700.00","0.06","-2.86","11.19"
"2012","1.00","7164390.67","5499696.67","4110822.00","3706889.00","403933.00","1388874.67","589428.67","0.00","2164702.33","1542186.67","-","76.76","74.75","67.40","9.83","14.34","58.40","41.60","25.25","-","","13307.06","15049.03","1.23","0.42","2.50","0.75","507.25","14298250.00","566700.00","0.06","-2.86","11.19"
"2012","1.00","7167629.67","5506955.00","4153310.33","3751461.67","401849.00","1353644.67","592049.33","0.00","2200668.33","1550793.33","-","76.83","75.42","68.12","9.68","14.25","58.66","41.34","24.58","-","","13307.06","15049.03","1.23","0.42","2.50","0.75","507.25","14298250.00","566700.00","0.06","-2.86","11.19"
"2012","2.00","7170861.00","5514288.67","4172228.67","3761098.00","411131.00","1342060.00","597927.00","0.00","2254220.00","1506878.00","-","76.90","75.66","68.21","9.85","14.33","59.94","40.06","24.34","-","","13681.85","15292.69","1.44","0.54","2.85","0.94","507.25","14298250.00","566700.00","0.06","-0.42","12.73"
"2012","2.00","7173979.67","5521457.00","4226639.00","3785928.33","440711.33","1294818.00","584059.00","0.00","2241868.33","1544060.00","-","76.97","76.55","68.57","10.43","13.82","59.22","40.78","23.45","-","","13681.85","15292.69","1.44","0.54","2.85","0.94","507.25","14298250.00","566700.00","0.06","-0.42","12.73"
"2012","2.00","7177057.00","5528618.67","4227868.33","3813765.33","414103.33","1300750.33","558819.00","0.00","2269531.33","1544234.00","-","77.03","76.47","68.98","9.79","13.22","59.51","40.49","23.53","-","","13681.85","15292.69","1.44","0.54","2.85","0.94","507.25","14298250.00","566700.00","0.06","-0.42","12.73"
"2012","3.00","7180056.33","5535692.33","4213305.33","3808846.33","404459.00","1322387.00","559152.67","0.00","2244307.00","1564539.33","-","77.10","76.11","68.81","9.60","13.27","58.92","41.08","23.89","-","","13772.46","15266.72","0.77","-0.06","2.26","0.22","507.25","14298250.00","566700.00","0.06","4.96","12.40"
"2012","3.00","7182984.00","5542683.33","4195340.33","3821653.00","373687.00","1347343.00","539145.00","0.00","2289960.33","1531692.67","-","77.16","75.69","68.95","8.91","12.85","59.92","40.08","24.31","-","","13772.46","15266.72","0.77","-0.06","2.26","0.22","507.25","14298250.00","566700.00","0.06","4.96","12.40"
"2012","3.00","7185838.00","5549590.00","4201269.67","3840555.33","360714.00","1348320.33","533588.00","0.00","2314856.33","1525699.00","-","77.23","75.70","69.20","8.59","12.70","60.27","39.73","24.30","-","","13772.46","15266.72","0.77","-0.06","2.26","0.22","507.25","14298250.00","566700.00","0.06","4.96","12.40"
"2012","4.00","7188592.67","5556342.00","4201280.33","3834484.33","366796.00","1355061.67","492040.33","0.00","2337156.33","1497328.00","-","77.29","75.61","69.01","8.73","11.71","60.95","39.05","24.39","-","","14086.01","15426.15","1.27","0.35","2.74","0.76","507.25","14298250.00","566700.00","0.06","5.79","12.99"
"2012","4.00","7191310.00","5563090.00","4187409.00","3780458.00","406950.67","1375681.00","493684.00","0.00","2314615.00","1465843.00","-","77.36","75.27","67.96","9.72","11.79","61.23","38.77","24.73","-","","14086.01","15426.15","1.27","0.35","2.74","0.76","507.25","14298250.00","566700.00","0.06","5.79","12.99"
"2012","4.00","7193960.33","5569759.00","4174047.33","3732100.67","441946.33","1395711.67","539173.33","0.00","2268600.67","1463500.00","-","77.42","74.94","67.01","10.59","12.92","60.79","39.21","25.06","-","","14086.01","15426.15","1.27","0.35","2.74","0.76","507.25","14298250.00","566700.00","0.06","5.79","12.99"
"2013","1.00","7196496.00","5576215.00","4177465.33","3739098.33","438366.67","1398749.67","594927.67","0.00","2239886.33","1499212.00","-","77.49","74.92","67.05","10.49","14.24","59.90","40.10","25.08","-","","14238.99","15515.42","1.03","0.19","2.33","0.36","505.17","14481916.58","589500.00","0.04","12.08","13.99"
"2013","1.00","7198970.33","5582598.00","4162341.33","3773363.67","388978.00","1420256.67","601530.33","0.00","2256462.67","1516901.00","-","77.55","74.56","67.59","9.35","14.45","59.80","40.20","25.44","-","","14238.99","15515.42","1.03","0.19","2.33","0.36","505.17","14481916.58","589500.00","0.04","12.08","13.99"
"2013","1.00","7201361.33","5588843.67","4190533.67","3820077.00","370457.00","1398310.00","592707.67","0.00","2283258.67","1536818.33","-","77.61","74.98","68.35","8.84","14.14","59.77","40.23","25.02","-","","14238.99","15515.42","1.03","0.19","2.33","0.36","505.17","14481916.58","589500.00","0.04","12.08","13.99"
"2013","2.00","7203777.00","5595232.33","4184422.67","3796503.67","387919.67","1410809.67","588008.33","0.00","2316890.33","1479613.33","-","77.67","74.79","67.85","9.27","14.05","61.03","38.97","25.21","-","","14759.76","15893.83","1.31","0.81","2.63","1.22","505.17","14481916.58","589500.00","0.04","24.63","14.42"
"2013","2.00","7206112.00","5601485.00","4224082.33","3820343.67","403739.00","1377402.67","609721.00","0.00","2336545.67","1483798.00","-","77.73","75.41","68.20","9.56","14.43","61.16","38.84","24.59","-","","14759.76","15893.83","1.31","0.81","2.63","1.22","505.17","14481916.58","589500.00","0.04","24.63","14.42"
"2013","2.00","7208420.00","5607741.00","4251006.33","3843501.67","407504.67","1356734.67","605908.33","0.00","2348414.67","1495087.00","-","77.79","75.81","68.54","9.59","14.25","61.10","38.90","24.19","-","","14759.76","15893.83","1.31","0.81","2.63","1.22","505.17","14481916.58","589500.00","0.04","24.63","14.42"
"2013","3.00","7210674.33","5613931.33","4247647.67","3867703.00","379944.33","1366283.67","571798.33","0.00","2343568.67","1524134.33","-","77.86","75.66","68.89","8.94","13.46","60.59","39.41","24.34","-","","14955.45","15891.34","1.36","-0.01","2.86","0.44","505.17","14481916.58","589500.00","0.04","27.54","11.66"
"2013","3.00","7212879.00","5620058.00","4206553.33","3852946.67","353606.33","1413504.67","540001.33","0.00","2309381.00","1543565.67","-","77.92","74.85","68.56","8.41","12.84","59.94","40.06","25.15","-","","14955.45","15891.34","1.36","-0.01","2.86","0.44","505.17","14481916.58","589500.00","0.04","27.54","11.66"
"2013","3.00","7215029.00","5626116.00","4177375.33","3850612.00","326763.33","1448740.67","517875.67","0.00","2287632.67","1562979.33","-","77.98","74.25","68.44","7.82","12.40","59.41","40.59","25.75","-","","14955.45","15891.34","1.36","-0.01","2.86","0.44","505.17","14481916.58","589500.00","0.04","27.54","11.66"
"2013","4.00","7217106.67","5632042.67","4189469.67","3854333.67","335136.00","1442573.00","517975.00","0.00","2278221.33","1576112.33","-","78.04","74.39","68.44","8.00","12.36","59.11","40.89","25.61","-","","15166.12","16086.14","1.43","0.41","2.56","0.47","505.17","14481916.58","589500.00","0.04","20.27","10.39"
"2013","4.00","7219154.67","5637965.67","4222386.67","3845938.00","376448.33","1415579.00","508000.33","0.00","2300613.67","1545324.33","-","78.10","74.89","68.21","8.92","12.03","59.82","40.18","25.11","-","","15166.12","16086.14","1.43","0.41","2.56","0.47","505.17","14481916.58","589500.00","0.04","20.27","10.39"
"2013","4.00","7221153.00","5643820.00","4227699.67","3807025.33","420674.00","1416120.33","530444.67","0.00","2276876.33","1530149.00","-","78.16","74.91","67.45","9.95","12.55","59.81","40.19","25.09","-","","15166.12","16086.14","1.43","0.41","2.56","0.47","505.17","14481916.58","589500.00","0.04","20.27","10.39"
"2014","1.00","7223058.67","5649480.33","4221491.67","3790215.33","431276.00","1427988.67","547136.33","0.00","2275186.33","1515029.00","-","78.21","74.72","67.09","10.22","12.96","60.03","39.97","25.28","-","","15511.60","16313.16","1.71","0.47","2.98","0.76","449.50","15728333.33","616000.00","0.04","32.80","12.17"
"2014","1.00","7224915.33","5655072.00","4232425.67","3844873.67","387552.00","1422646.33","553484.67","0.00","2301976.33","1542897.33","-","78.27","74.84","67.99","9.16","13.08","59.87","40.13","25.16","-","","15511.60","16313.16","1.71","0.47","2.98","0.76","449.50","15728333.33","616000.00","0.04","32.80","12.17"
"2014","1.00","7226701.00","5660530.67","4241280.67","3873152.67","368127.67","1419250.00","541547.00","0.00","2371839.67","1501313.00","-","78.33","74.93","68.42","8.68","12.77","61.24","38.76","25.07","-","","15511.60","16313.16","1.71","0.47","2.98","0.76","449.50","15728333.33","616000.00","0.04","32.80","12.17"
"2014","2.00","7228498.00","5666103.00","4269303.33","3890836.00","378467.00","1396799.67","536108.00","0.00","2407619.33","1483216.67","-","78.39","75.35","68.67","8.86","12.56","61.88","38.12","24.65","-","","15660.75","16416.77","1.10","0.21","2.03","0.32","449.50","15728333.33","616000.00","0.04","18.89","9.62"
"2014","2.00","7230226.33","5671542.33","4262070.33","3855352.33","406717.33","1409472.00","544217.00","0.00","2394988.00","1460364.33","-","78.44","75.15","67.98","9.54","12.77","62.12","37.88","24.85","-","","15660.75","16416.77","1.10","0.21","2.03","0.32","449.50","15728333.33","616000.00","0.04","18.89","9.62"
"2014","2.00","7231925.00","5676967.67","4281207.00","3878732.00","402474.33","1395760.67","528116.33","0.00","2379187.00","1499545.00","-","78.50","75.41","68.32","9.40","12.34","61.34","38.66","24.59","-","","15660.75","16416.77","1.10","0.21","2.03","0.32","449.50","15728333.33","616000.00","0.04","18.89","9.62"
"2014","3.00","7233580.67","5682323.67","4301186.33","3928110.67","373075.00","1381137.33","534315.67","0.00","2383930.67","1544180.00","-","78.55","75.69","69.13","8.67","12.42","60.69","39.31","24.31","-","","16049.17","16696.85","1.69","0.57","2.44","0.83","449.50","15728333.33","616000.00","0.04","19.64","8.69"
"2014","3.00","7235200.67","5687616.00","4326924.33","3974512.67","352411.33","1360691.67","573104.67","0.00","2376917.00","1597595.67","-","78.61","76.08","69.88","8.14","13.25","59.80","40.20","23.92","-","","16049.17","16696.85","1.69","0.57","2.44","0.83","449.50","15728333.33","616000.00","0.04","19.64","8.69"
"2014","3.00","7236796.33","5692852.67","4290124.67","3955114.67","335010.33","1402728.00","570964.67","0.00","2379170.00","1575944.67","-","78.67","75.36","69.48","7.81","13.31","60.15","39.85","24.64","-","","16049.17","16696.85","1.69","0.57","2.44","0.83","449.50","15728333.33","616000.00","0.04","19.64","8.69"
"2014","4.00","7238360.67","5697985.00","4267090.33","3932796.67","334294.00","1430894.67","557792.33","0.00","2366941.33","1565855.33","-","78.72","74.89","69.02","7.83","13.07","60.18","39.82","25.11","-","","16453.69","16905.08","1.70","0.42","2.83","0.84","449.50","15728333.33","616000.00","0.04","27.22","8.08"
"2014","4.00","7239940.33","5703135.00","4248790.67","3871765.67","377025.33","1454344.33","510901.33","0.00","2357131.00","1514634.67","-","78.77","74.50","67.89","8.87","12.02","60.88","39.12","25.50","-","","16453.69","16905.08","1.70","0.42","2.83","0.84","449.50","15728333.33","616000.00","0.04","27.22","8.08"
"2014","4.00","7241526.67","5708253.67","4258217.00","3872114.33","386102.67","1450036.67","499199.67","0.00","2358385.33","1513729.00","-","78.83","74.60","67.83","9.07","11.72","60.91","39.09","25.40","-","","16453.69","16905.08","1.70","0.42","2.83","0.84","449.50","15728333.33","616000.00","0.04","27.22","8.08"
"2015","1.00","7243096.67","5713240.33","4268884.67","3881296.00","387588.67","1444355.67","491822.00","0.00","2372043.67","1509252.33","-","78.88","74.72","67.94","9.08","11.52","61.11","38.89","25.28","-","","16748.37","17005.89","1.42","0.20","2.66","0.60","427.75","15600083.33","644350.00","0.05","13.08","5.91"
"2015","1.00","7244692.33","5718210.67","4280414.00","3909846.33","370567.33","1437796.67","508157.00","0.00","2403077.67","1506768.67","-","78.93","74.86","68.38","8.66","11.87","61.46","38.54","25.14","-","","16748.37","17005.89","1.42","0.20","2.66","0.60","427.75","15600083.33","644350.00","0.05","13.08","5.91"
"2015","1.00","7246309.00","5723119.67","4278648.33","3902319.00","376329.00","1444471.33","526074.00","0.00","2431107.33","1471211.67","-","78.98","74.76","68.19","8.80","12.30","62.30","37.70","25.24","-","","16748.37","17005.89","1.42","0.20","2.66","0.60","427.75","15600083.33","644350.00","0.05","13.08","5.91"
"2015","2.00","7248026.33","5728193.67","4234837.67","3851986.00","382851.33","1493356.00","504845.00","0.00","2421799.67","1430186.33","-","79.03","73.93","67.25","9.04","11.92","62.87","37.13","26.07","-","","16957.04","17158.49","1.51","0.30","2.76","0.42","427.75","15600083.33","644350.00","0.05","11.08","5.48"
"2015","2.00","7249785.00","5733222.33","4207016.33","3843225.00","363791.67","1526206.00","472337.00","0.00","2425015.67","1418209.33","-","79.08","73.38","67.03","8.65","11.23","63.10","36.90","26.62","-","","16957.04","17158.49","1.51","0.30","2.76","0.42","427.75","15600083.33","644350.00","0.05","11.08","5.48"
"2015","2.00","7251631.33","5738321.00","4215385.67","3839823.33","375562.67","1522935.33","465609.33","0.00","2418353.33","1421470.00","-","79.13","73.46","66.92","8.91","11.05","62.98","37.02","26.54","-","","16957.04","17158.49","1.51","0.30","2.76","0.42","427.75","15600083.33","644350.00","0.05","11.08","5.48"
"2015","3.00","7253549.67","5743437.67","4241732.00","3863298.33","378434.00","1501705.67","476281.33","0.00","2442006.33","1421292.00","-","79.18","73.85","67.26","8.92","11.23","63.21","36.79","26.15","-","","17466.26","17372.47","1.35","0.42","2.94","1.00","427.75","15600083.33","644350.00","0.05","3.11","5.82"
"2015","3.00","7255539.00","5748571.00","4285678.33","3896679.67","388998.67","1462892.67","477229.33","0.00","2486546.67","1410133.00","-","79.23","74.55","67.79","9.08","11.14","63.81","36.19","25.45","-","","17466.26","17372.47","1.35","0.42","2.94","1.00","427.75","15600083.33","644350.00","0.05","3.11","5.82"
"2015","3.00","7257599.00","5753718.33","4298715.00","3937863.00","360852.00","1455003.33","438201.67","0.00","2515564.33","1422298.67","-","79.28","74.71","68.44","8.39","10.19","63.88","36.12","25.29","-","","17466.26","17372.47","1.35","0.42","2.94","1.00","427.75","15600083.33","644350.00","0.05","3.11","5.82"
"2015","4.00","7259705.67","5758823.00","4292586.67","3924913.67","367673.33","1466236.33","437444.33","0.00","2504370.00","1420543.67","-","79.33","74.54","68.15","8.57","10.19","63.81","36.19","25.46","-","","17654.47","17289.29","0.76","-0.16","2.43","0.36","427.75","15600083.33","644350.00","0.05","1.45","5.62"
"2015","4.00","7261901.00","5763993.00","4267056.67","3815956.67","451100.33","1496936.33","428681.67","0.00","2415790.00","1400166.67","-","79.37","74.03","66.20","10.57","10.05","63.31","36.69","25.97","-","","17654.47","17289.29","0.76","-0.16","2.43","0.36","427.75","15600083.33","644350.00","0.05","1.45","5.62"
"2015","4.00","7264162.00","5769170.67","4272720.67","3795570.00","477151.00","1496450.00","491906.67","0.00","2380804.33","1414765.67","-","79.42","74.06","65.79","11.17","11.51","62.73","37.27","25.94","-","","17654.47","17289.29","0.76","-0.16","2.43","0.36","427.75","15600083.33","644350.00","0.05","1.45","5.62"
"2016","1.00","7266461.00","5774299.33","4258866.00","3801448.00","457418.00","1515433.33","488957.67","0.00","2389185.67","1412262.33","-","79.47","73.76","65.83","10.74","11.48","62.85","37.15","26.24","-","10852.00","17935.09","17347.62","0.67","0.11","2.36","0.53","637.42","34197000.00","689454.00","0.07","0.13","5.39"
"2016","1.00","7268823.00","5779432.33","4248621.33","3877799.00","370822.00","1530811.00","475415.33","0.00","2431897.00","1445902.00","-","79.51","73.51","67.10","8.73","11.19","62.71","37.29","26.49","-","10852.00","17935.09","17347.62","0.67","0.11","2.36","0.53","637.42","34197000.00","689454.00","0.07","0.13","5.39"
"2016","1.00","7271220.67","5784512.67","4172341.67","3828900.33","343441.33","1612171.00","432342.00","0.00","2415850.00","1413050.33","-","79.55","72.13","66.19","8.23","10.36","63.10","36.90","27.87","-","10852.00","17935.09","17347.62","0.67","0.11","2.36","0.53","637.42","34197000.00","689454.00","0.07","0.13","5.39"
"2016","2.00","7273726.00","5789702.33","4199051.33","3834153.67","364897.67","1590651.00","434001.00","0.00","2430416.00","1403737.67","-","79.60","72.53","66.22","8.69","10.34","63.39","36.61","27.47","-","10853.00","18285.72","17473.95","0.61","0.24","2.61","0.65","637.42","34197000.00","689454.00","0.07","-0.55","6.79"
"2016","2.00","7276260.67","5794832.67","4201784.00","3817018.33","384766.00","1593048.67","429035.00","0.00","2397576.67","1419441.67","-","79.64","72.51","65.87","9.16","10.21","62.81","37.19","27.49","-","10851.00","18285.72","17473.95","0.61","0.24","2.61","0.65","637.42","34197000.00","689454.00","0.07","-0.55","6.79"
"2016","2.00","7278876.67","5800014.33","4248793.33","3836876.00","411917.67","1551221.00","414171.00","0.00","2432246.33","1404629.67","-","79.68","73.25","66.15","9.69","9.75","63.39","36.61","26.75","-","10299.00","18285.72","17473.95","0.61","0.24","2.61","0.65","637.42","34197000.00","689454.00","0.07","-0.55","6.79"
"2016","3.00","7281552.67","5805198.00","4231418.33","3837918.33","393500.33","1573779.67","402887.00","0.00","2442292.33","1395626.00","-","79.72","72.89","66.11","9.30","9.52","63.64","36.36","27.11","-","10489.00","18622.69","17658.16","0.55","0.35","2.21","0.61","637.42","34197000.00","689454.00","0.07","2.01","9.89"
"2016","3.00","7284286.00","5810389.00","4249892.67","3873815.00","376078.00","1560496.33","394773.33","0.00","2471463.33","1402351.67","-","79.77","73.14","66.67","8.85","9.29","63.80","36.20","26.86","-","10909.00","18622.69","17658.16","0.55","0.35","2.21","0.61","637.42","34197000.00","689454.00","0.07","2.01","9.89"
"2016","3.00","7287080.67","5815594.33","4237201.00","3886357.00","350844.00","1578393.33","379192.67","0.00","2445628.00","1440729.00","-","79.81","72.86","66.83","8.28","8.95","62.93","37.07","27.14","-","10999.00","18622.69","17658.16","0.55","0.35","2.21","0.61","637.42","34197000.00","689454.00","0.07","2.01","9.89"
"2016","4.00","7289906.00","5820765.33","4263273.00","3889287.33","373985.67","1557492.33","350379.33","0.00","2425265.00","1464022.33","-","79.85","73.24","66.82","8.77","8.22","62.36","37.64","26.76","-","11228.00","18975.02","17747.94","0.88","0.17","2.49","0.63","637.42","34197000.00","689454.00","0.07","22.47","10.19"
"2016","4.00","7292826.67","5826023.67","4235787.67","3786625.67","449162.33","1590236.00","328979.67","0.00","2378281.67","1408344.00","-","79.89","72.70","65.00","10.60","7.77","62.81","37.19","27.30","-","11372.00","18975.02","17747.94","0.88","0.17","2.49","0.63","637.42","34197000.00","689454.00","0.07","22.47","10.19"
"2016","4.00","7295817.00","5831324.67","4217142.33","3727413.67","489729.00","1614182.33","329100.00","0.00","2354410.33","1373003.33","-","79.93","72.32","63.92","11.61","7.80","63.16","36.84","27.68","-","11525.00","18975.02","17747.94","0.88","0.17","2.49","0.63","637.42","34197000.00","689454.00","0.07","22.47","10.19"
"2017","1.00","7298807.00","5836554.33","4185820.33","3687123.67","498697.00","1650734.00","346423.67","0.00","2334936.33","1352187.33","-","79.97","71.72","63.17","11.91","8.28","63.33","36.67","28.28","-","8467.00","19315.03","17763.65","0.80","0.03","2.56","0.60","849.00","44088333.33","737717.00","0.07","37.25","7.67"
"2017","1.00","7301868.67","5841840.00","4192690.67","3734629.00","458061.67","1649149.33","362862.67","0.00","2405334.33","1329294.67","-","80.00","71.77","63.93","10.93","8.65","64.41","35.59","28.23","-","10417.00","19315.03","17763.65","0.80","0.03","2.56","0.60","849.00","44088333.33","737717.00","0.07","37.25","7.67"
"2017","1.00","7304968.00","5847129.00","4209132.67","3753710.00","455423.00","1637996.33","372336.67","0.00","2436608.67","1317101.33","-","80.04","71.99","64.20","10.82","8.85","64.91","35.09","28.01","-","9914.00","19315.03","17763.65","0.80","0.03","2.56","0.60","849.00","44088333.33","737717.00","0.07","37.25","7.67"
"2017","2.00","7308244.67","5852666.33","4222345.00","3760280.00","462065.33","1630321.33","362629.33","0.00","2438595.00","1321685.00","-","80.08","72.14","64.25","10.94","8.59","64.85","35.15","27.86","-","8403.00","19528.12","17746.62","0.52","-0.03","2.26","0.37","849.00","44088333.33","737717.00","0.07","44.51","5.03"
"2017","2.00","7311563.67","5858223.67","4203940.00","3732507.33","471433.00","1654283.67","361234.00","0.00","2397659.00","1334848.33","-","80.12","71.76","63.71","11.21","8.59","64.24","35.76","28.24","-","9753.00","19528.12","17746.62","0.52","-0.03","2.26","0.37","849.00","44088333.33","737717.00","0.07","44.51","5.03"
"2017","2.00","7315017.00","5863941.00","4204587.00","3753386.33","451201.00","1659354.00","355648.67","0.00","2404345.00","1349041.33","-","80.16","71.70","64.01","10.73","8.46","64.06","35.94","28.30","-","9867.00","19528.12","17746.62","0.52","-0.03","2.26","0.37","849.00","44088333.33","737717.00","0.07","44.51","5.03"
"2017","3.00","7318623.00","5869797.33","4221832.67","3780799.33","441033.67","1647964.67","353769.00","0.00","2428435.33","1352364.00","-","80.20","71.92","64.41","10.45","8.38","64.23","35.77","28.08","-","9371.00","19871.80","17904.16","0.46","0.30","2.24","0.59","849.00","44088333.33","737717.00","0.07","29.16","3.52"
"2017","3.00","7322453.33","5875839.00","4228776.67","3828066.67","400710.33","1647062.33","359448.67","0.00","2474775.33","1353291.33","-","80.24","71.97","65.15","9.48","8.50","64.65","35.35","28.03","-","11053.00","19871.80","17904.16","0.46","0.30","2.24","0.59","849.00","44088333.33","737717.00","0.07","29.16","3.52"
"2017","3.00","7326613.33","5882135.67","4230600.00","3824139.00","406461.00","1651535.67","366260.33","0.00","2511251.67","1312887.33","-","80.28","71.92","65.01","9.61","8.66","65.67","34.33","28.08","-","10771.00","19871.80","17904.16","0.46","0.30","2.24","0.59","849.00","44088333.33","737717.00","0.07","29.16","3.52"
"2017","4.00","7331143.67","5888673.67","4201280.00","3802388.00","398892.00","1687393.67","343967.00","0.00","2483682.33","1318705.67","-","80.32","71.35","64.57","9.49","8.19","65.32","34.68","28.65","-","11237.00","20213.68","18080.14","0.62","0.33","2.18","0.57","849.00","44088333.33","737717.00","0.07","7.69","2.90"
"2017","4.00","7336243.33","5895661.00","4164331.00","3707730.00","456601.00","1731330.00","298200.00","0.00","2435537.67","1272192.33","-","80.36","70.63","62.89","10.96","7.16","65.69","34.31","29.37","-","11398.00","20213.68","18080.14","0.62","0.33","2.18","0.57","849.00","44088333.33","737717.00","0.07","7.69","2.90"
"2017","4.00","7341968.33","5903095.67","4146611.00","3659749.33","486861.33","1756484.67","271092.00","0.00","2373857.33","1285892.00","-","80.40","70.24","62.00","11.74","6.54","64.86","35.14","29.76","-","11534.00","20213.68","18080.14","0.62","0.33","2.18","0.57","849.00","44088333.33","737717.00","0.07","7.69","2.90"
"2018","1.00","7348228.33","5910834.33","4161092.33","3663993.33","497098.67","1749742.00","291315.33","0.00","2377706.33","1286287.00","-","80.44","70.40","61.99","11.95","7.00","64.89","35.11","29.60","-","8301.00","20792.69","18267.64","0.95","0.35","2.55","0.95","670.83","36801250.00","781242.00","0.06","","5.32"
"2018","1.00","7355287.33","5919132.00","4192208.00","3741260.33","450947.33","1726924.00","337728.67","0.00","2413093.00","1328167.33","-","80.47","70.82","63.21","10.76","8.06","64.50","35.50","29.18","-","10883.00","20792.69","18267.64","0.95","0.35","2.55","0.95","670.83","36801250.00","781242.00","0.06","","5.32"
"2018","1.00","7363140.00","5927943.00","4262856.00","3824749.00","438106.67","1665087.00","354062.00","0.00","2474148.00","1350601.00","-","80.51","71.91","64.52","10.28","8.31","64.69","35.31","28.09","-","7483.00","20792.69","18267.64","0.95","0.35","2.55","0.95","670.83","36801250.00","781242.00","0.06","","5.32"
"2018","2.00","7372219.67","5937714.67","4238089.67","3783450.00","454639.33","1699625.00","366976.33","0.00","2476352.00","1307098.00","-","80.54","71.38","63.72","10.73","8.66","65.45","34.55","28.62","-","9916.00","20876.92","18367.32","1.17","0.18","2.30","0.14","670.83","36801250.00","781242.00","0.06","","8.10"
"2018","2.00","7382281.00","5948122.33","4305135.33","3845118.67","460016.00","1642987.00","377961.67","0.00","2507322.00","1337796.67","-","80.57","72.38","64.64","10.69","8.78","65.21","34.79","27.62","-","8889.00","20876.92","18367.32","1.17","0.18","2.30","0.14","670.83","36801250.00","781242.00","0.06","","8.10"
"2018","2.00","7393594.67","5959425.00","4239730.67","3799010.33","440720.00","1719694.33","358362.00","0.00","2424951.67","1374058.67","-","80.60","71.14","63.75","10.39","8.45","63.83","36.17","28.86","-","8741.00","20876.92","18367.32","1.17","0.18","2.30","0.14","670.83","36801250.00","781242.00","0.06","","8.10"
"2018","3.00","7406041.33","5971499.00","4299251.00","3887321.33","411929.33","1672248.00","345715.33","0.00","2452077.67","1435243.67","-","80.63","72.00","65.10","9.58","8.04","63.08","36.92","28.00","-","9172.00","21277.22","18536.37","1.18","0.31","2.36","0.64","670.83","36801250.00","781242.00","0.06","","8.31"
"2018","3.00","7419471.33","5984239.00","4249226.67","3836525.33","412701.33","1735012.33","334948.33","0.00","2406947.33","1429578.00","-","80.66","71.01","64.11","9.71","7.88","62.74","37.26","28.99","-","9908.00","21277.22","18536.37","1.18","0.31","2.36","0.64","670.83","36801250.00","781242.00","0.06","","8.31"
"2018","3.00","7433762.33","5997557.33","4265560.67","3850152.67","415408.00","1731996.67","344710.67","0.00","2427768.00","1422384.67","-","80.68","71.12","64.20","9.74","8.08","63.06","36.94","28.88","-","9760.00","21277.22","18536.37","1.18","0.31","2.36","0.64","670.83","36801250.00","781242.00","0.06","","8.31"
"2018","4.00","7448582.33","6011185.33","4262460.33","3828622.00","433838.67","1748725.00","377974.00","0.00","2421688.00","1406934.00","-","80.70","70.91","63.69","10.18","8.87","63.25","36.75","29.09","-","11337.00","21700.18","18712.67","1.17","0.32","2.45","0.66","670.83","36801250.00","781242.00","0.06","21.53","9.32"
"2018","4.00","7464099.33","6025311.67","4281058.67","3793998.33","487060.67","1744253.00","422464.33","0.00","2423660.00","1370338.33","-","80.72","71.05","62.97","11.38","9.87","63.88","36.12","28.95","-","9942.00","21700.18","18712.67","1.17","0.32","2.45","0.66","670.83","36801250.00","781242.00","0.06","21.53","9.32"
"2018","4.00","7480002.00","6039682.00","4317513.67","3767883.00","549631.00","1722168.33","475686.67","0.00","2437027.00","1330856.00","-","80.74","71.49","62.39","12.73","11.02","64.68","35.32","28.51","-","11174.00","21700.18","18712.67","1.17","0.32","2.45","0.66","670.83","36801250.00","781242.00","0.06","21.53","9.32"
"2019","1.00","7495773.00","6053865.67","4330936.00","3755867.33","575069.00","1722929.67","493747.67","0.00","2436331.00","1319536.33","-","80.76","71.54","62.04","13.28","11.40","64.87","35.13","28.46","-","7817.00","22092.62","18718.11","0.82","0.01","2.08","0.60","","","828116.00","0.06","4.75","10.92"
"2019","1.00","7511618.00","6068073.67","4311694.33","3797038.67","514656.00","1756379.33","459152.00","0.00","2430743.00","1366295.67","-","80.78","71.06","62.57","11.94","10.65","64.02","35.98","28.94","-","9210.00","22092.62","18718.11","0.82","0.01","2.08","0.60","","","828116.00","0.06","4.75","10.92"
"2019","1.00","7527208.33","6082041.67","4325214.67","3848622.33","476592.67","1756827.00","447476.00","0.00","2430156.00","1418466.33","-","80.80","71.11","63.28","11.02","10.35","63.14","36.86","28.89","-","8114.00","22092.62","18718.11","0.82","0.01","2.08","0.60","","","828116.00","0.06","4.75","10.92"
"2019","2.00","7543092.67","6096291.33","4332236.33","3887177.33","445058.67","1764055.00","445104.00","0.00","2423043.67","1464133.67","-","80.82","71.06","63.76","10.27","10.27","62.33","37.67","28.94","-","8212.00","22595.95","19040.04","1.22","0.57","2.74","0.76","","","828116.00","0.06","5.12","9.91"
"2019","2.00","7558423.33","6110090.33","4394425.67","3939225.33","455200.00","1715664.67","454206.67","0.00","2454427.33","1484798.00","-","80.84","71.92","64.47","10.36","10.34","62.31","37.69","28.08","-","8396.00","22595.95","19040.04","1.22","0.57","2.74","0.76","","","828116.00","0.06","5.12","9.91"
"2019","2.00","7573418.67","6123659.00","4341724.33","3891684.33","450039.67","1781934.67","454324.33","0.00","2448526.33","1443158.00","-","80.86","70.90","63.55","10.37","10.46","62.92","37.08","29.10","-","6838.00","22595.95","19040.04","1.22","0.57","2.74","0.76","","","828116.00","0.06","5.12","9.91"
"2019","3.00","7587848.33","6136802.00","4326218.67","3885767.67","440451.33","1810583.33","438161.00","0.00","2465038.67","1420729.00","-","80.88","70.50","63.32","10.18","10.13","63.44","36.56","29.50","-","9579.00","22945.42","19251.78","1.29","0.37","2.61","0.52","","","828116.00","0.06","6.98","8.19"
"2019","3.00","7601746.00","6149547.33","4313199.67","3880023.67","433176.33","1836347.67","446055.33","0.00","2470375.00","1409648.67","-","80.90","70.14","63.09","10.04","10.34","63.67","36.33","29.86","-","9651.00","22945.42","19251.78","1.29","0.37","2.61","0.52","","","828116.00","0.06","6.98","8.19"
"2019","3.00","7615144.33","6161918.00","4376681.67","3957178.00","419504.33","1785236.33","444940.33","0.00","2499318.00","1457860.00","-","80.92","71.03","64.22","9.58","10.17","63.16","36.84","28.97","-","10462.00","22945.42","19251.78","1.29","0.37","2.61","0.52","","","828116.00","0.06","6.98","8.19"
"2019","4.00","7627963.00","6173829.00","4377447.00","3951095.67","426351.67","1796382.00","433478.33","0.00","2493892.67","1457203.00","-","80.94","70.90","64.00","9.74","9.90","63.12","36.88","29.10","-","9221.00","23540.80","19427.99","1.27","0.31","2.83","0.86","","","828116.00","0.06","6.40","7.42"
"2019","4.00","7640536.33","6185581.00","4374964.67","3906552.67","468412.33","1810616.33","452691.33","0.00","2481882.67","1424670.00","-","80.96","70.73","63.16","10.71","10.35","63.53","36.47","29.27","-","7188.00","23540.80","19427.99","1.27","0.31","2.83","0.86","","","828116.00","0.06","6.40","7.42"
"2019","4.00","7652769.33","6197078.67","4359455.00","3876992.33","482462.67","1837623.67","462458.33","0.00","2455730.67","1421261.67","-","80.98","70.35","62.56","11.07","10.61","63.34","36.66","29.65","-","10383.00","23540.80","19427.99","1.27","0.31","2.83","0.86","","","828116.00","0.06","6.40","7.42"
"2020","1.00","7664598.67","6208248.67","4235697.33","3722527.67","513169.67","1972551.33","0.00","0.00","2363800.67","1358727.00","-","81.00","68.23","59.96","12.12","0.00","63.50","36.50","31.77","-","5501.00","23182.63","18916.95","0.35","-0.88","1.64","-0.51","","","877803.00","0.06","","4.91"
"2020","1.00","7676194.33","6219243.33","3926183.67","3341428.33","584755.33","2293059.67","0.00","0.00","2126000.00","1215428.33","-","81.02","63.13","53.73","14.89","0.00","63.63","36.37","36.87","-","9148.00","23182.63","18916.95","0.35","-0.88","1.64","-0.51","","","877803.00","0.06","","4.91"
"2020","1.00","7687486.33","6229985.33","3796068.00","3051765.00","744303.00","2433917.33","0.00","0.00","1939866.00","1111899.00","-","81.04","60.93","48.99","19.61","0.00","63.57","36.43","39.07","-","3958.00","23182.63","18916.95","0.35","-0.88","1.64","-0.51","","","877803.00","0.06","","4.91"
"2020","2.00","7698904.67","6240873.00","3801295.67","2889405.67","911890.00","2439577.33","0.00","0.00","1859588.00","1029817.67","-","81.06","60.91","46.30","23.99","0.00","64.36","35.64","39.09","-","3898.00","19182.72","15968.48","-5.38","-5.20","-5.04","-5.75","","","877803.00","0.06","","3.98"
"2020","2.00","7709579.00","6251219.67","4034014.00","3003711.67","1030302.33","2217205.67","0.00","0.00","1889917.33","1113794.33","-","81.08","64.53","48.05","25.54","0.00","62.92","37.08","35.47","-","4965.00","19182.72","15968.48","-5.38","-5.20","-5.04","-5.75","","","877803.00","0.06","","3.98"
"2020","2.00","7719216.00","6260900.67","4104262.33","3101628.33","1002634.33","2156638.33","0.00","0.00","1980083.67","1121544.67","-","81.11","65.55","49.54","24.43","0.00","63.84","36.16","34.45","-","5478.00","19182.72","15968.48","-5.38","-5.20","-5.04","-5.75","","","877803.00","0.06","","3.98"
"2020","3.00","7727706.33","6269807.00","4202484.00","3266421.33","936063.00","2067323.00","0.00","0.00","2024385.00","1242036.33","-","81.13","67.03","52.10","22.27","0.00","61.98","38.02","32.97","-","4904.00","21252.69","17762.93","-2.58","3.75","-2.46","3.60","","","877803.00","0.06","","5.32"
"2020","3.00","7735624.00","6278322.00","4275438.67","3454346.33","821092.67","2002883.33","466198.00","0.00","2137369.67","1316976.67","-","81.16","68.10","55.02","19.20","10.90","61.87","38.13","31.90","-","4061.00","21252.69","17762.93","-2.58","3.75","-2.46","3.60","","","877803.00","0.06","","5.32"
"2020","3.00","7743488.67","6286790.00","4340387.67","3589980.00","750408.00","1946402.33","494362.33","0.00","2186162.67","1403817.33","-","81.19","69.04","57.10","17.29","11.39","60.90","39.10","30.96","-","7004.00","21252.69","17762.93","-2.58","3.75","-2.46","3.60","","","877803.00","0.06","","5.32"
"2020","4.00","7751195.67","6295102.33","4348332.33","3640401.00","707931.67","1946770.00","497930.67","0.00","2218045.00","1422356.00","-","81.21","69.07","57.83","16.28","11.45","60.93","39.07","30.93","-","4320.00","22952.08","18691.97","-1.26","1.74","-0.83","2.67","","","877803.00","0.06","","2.13"
"2020","4.00","7758892.00","6303422.67","4326192.00","3565944.67","760247.67","1977230.67","427429.00","0.00","2239315.87","1326628.79","-","81.24","68.63","56.57","17.57","9.88","62.80","37.20","31.37","-","7969.00","22952.08","18691.97","-1.26","1.74","-0.83","2.67","","","877803.00","0.06","","2.13"
"2020","4.00","7766470.33","6311639.00","4352991.67","3509000.67","843991.00","1958647.33","397196.00","0.00","2267120.41","1241880.26","-","81.27","68.97","55.60","19.39","9.12","64.61","35.39","31.03","-","4983.00","22952.08","18691.97","-1.26","1.74","-0.83","2.67","","","877803.00","0.06","","2.13"
"2021","1.00","7773758.00","6319566.67","4372203.33","3500155.00","872048.33","1947363.33","363428.00","335826.67","2356482.98","1143672.02","1266858.05","81.29","69.19","55.39","19.95","8.31","67.33","32.67","30.81","36.19","9692.00","23894.90","19230.79","0.55","0.96","1.02","1.37","","","908526.00","0.04","","2.21"
"2021","1.00","7780889.33","6327356.33","4397040.33","3570386.33","826654.00","1930316.00","335723.67","292967.33","2416576.74","1153809.59","1322726.00","81.32","69.49","56.43","18.80","7.64","67.68","32.32","30.51","37.05","11814.00","23894.90","19230.79","0.55","0.96","1.02","1.37","","","908526.00","0.04","","2.21"
"2021","1.00","7787770.00","6334908.67","4337188.33","3572184.00","765004.33","1997720.33","317823.67","283334.33","2448653.23","1123530.77","1302523.59","81.34","68.46","56.39","17.64","7.33","68.55","31.45","31.54","36.46","10344.00","23894.90","19230.79","0.55","0.96","1.02","1.37","","","908526.00","0.04","","2.21"
"2021","2.00","7794688.67","6342544.67","4312654.00","3551105.33","761548.67","2029890.67","306934.00","256354.00","2417760.91","1133344.42","1318964.99","81.37","68.00","55.99","17.66","7.12","68.08","31.92","32.00","37.14","7097.00","23650.76","18870.34","6.06","-0.62","7.76","-0.34","","","908526.00","0.04","","3.49"
"2021","2.00","7801315.00","6349907.67","4268460.33","3552991.33","715469.00","2081447.33","306899.33","239383.67","2338110.75","1214880.59","1294806.95","81.40","67.22","55.95","16.76","7.19","65.81","34.19","32.78","36.44","8668.00","23650.76","18870.34","6.06","-0.62","7.76","-0.34","","","908526.00","0.04","","3.49"
"2021","2.00","7807783.33","6357148.00","4293425.33","3615208.00","678217.33","2063722.67","313488.00","205484.00","2271988.09","1343219.91","1341506.15","81.42","67.54","56.87","15.80","7.30","62.85","37.15","32.46","37.11","9730.00","23650.76","18870.34","6.06","-0.62","7.76","-0.34","","","908526.00","0.04","","3.49"
"2021","3.00","7814018.00","6364181.67","4288166.67","3689029.33","599137.33","2076015.00","301490.00","194628.67","2292381.26","1396648.08","1326252.53","81.45","67.38","57.97","13.97","7.03","62.14","37.86","32.62","35.95","9695.00","25676.17","20254.50","4.68","2.45","6.94","2.85","","","908526.00","0.04","","4.85"
"2021","3.00","7820046.67","6371031.00","4269999.00","3695382.33","574616.67","2101032.00","275346.33","198467.00","2318160.06","1377222.27","1336109.83","81.47","67.02","58.00","13.46","6.45","62.73","37.27","32.98","36.16","10858.00","25676.17","20254.50","4.68","2.45","6.94","2.85","","","908526.00","0.04","","4.85"
"2021","3.00","7825884.33","6377707.33","4236861.00","3684633.67","552227.33","2140846.33","231718.33","206572.67","2329075.13","1355558.54","1272677.15","81.50","66.43","57.77","13.03","5.47","63.21","36.79","33.57","34.54","10392.00","25676.17","20254.50","4.68","2.45","6.94","2.85","","","908526.00","0.04","","4.85"
"2021","4.00","7831500.00","6384164.67","4183361.33","3643372.67","539988.33","2200803.33","199427.33","217302.00","2330539.92","1312832.75","1261150.03","81.52","65.53","57.07","12.91","4.77","63.97","36.03","34.47","34.61","9646.00","27275.26","21010.56","4.13","1.24","6.28","2.08","","","908526.00","0.04","","8.67"
"2021","4.00","7837040.67","6390563.67","4230061.00","3642759.33","587301.00","2160502.67","175023.00","206377.33","2404703.43","1238055.91","1193350.27","81.54","66.19","57.00","13.88","4.14","66.01","33.99","33.81","32.76","10476.00","27275.26","21010.56","4.13","1.24","6.28","2.08","","","908526.00","0.04","","8.67"
"2021","4.00","7842471.67","6396854.67","4264661.67","3659342.33","605318.67","2132193.00","210970.00","232997.33","2504673.24","1154669.09","1209097.00","81.57","66.67","57.21","14.19","4.95","68.45","31.55","33.33","33.04","11056.00","27275.26","21010.56","4.13","1.24","6.28","2.08","","","908526.00","0.04","","8.67"
"2022","1.00","7847707.67","6402928.67","4334449.67","3701409.67","633039.67","2068479.00","229230.00","236858.00","2545898.17","1155511.50","1253049.76","81.59","67.69","57.81","14.60","5.29","68.78","31.22","32.31","33.85","8620.00","28482.65","21364.36","3.70","0.56","6.40","1.48","","","1000000.00","0.10","","9.19"
"2022","1.00","7852885.33","6408935.67","4328899.00","3783731.67","545167.00","2080036.67","241871.33","248400.00","2598116.44","1185615.23","1331527.09","81.61","67.54","59.04","12.59","5.59","68.67","31.33","32.46","35.19","10732.00","28482.65","21364.36","3.70","0.56","6.40","1.48","","","1000000.00","0.10","","9.19"
"2022","1.00","7857974.00","6414831.67","4315602.00","3819123.33","496478.67","2099229.67","201996.67","218918.00","2572240.63","1246882.70","1370626.77","81.63","67.28","59.54","11.50","4.68","67.35","32.65","32.72","35.89","11498.00","28482.65","21364.36","3.70","0.56","6.40","1.48","","","1000000.00","0.10","","9.19"
"2022","2.00","7863228.00","6420902.33","4296498.33","3818291.00","478207.33","2124404.00","216136.00","193605.67","2539254.29","1279036.71","1350118.82","81.66","66.91","59.47","11.13","5.03","66.50","33.50","33.09","35.36","9713.00","29542.08","21753.50","5.09","0.61","8.30","1.24","","","1000000.00","0.10","","9.64"
"2022","2.00","7868443.00","6426901.33","4259608.00","3783140.00","476468.33","2167293.33","217165.33","170630.00","2488997.32","1294142.68","1350196.02","81.68","66.28","58.86","11.19","5.10","65.79","34.21","33.72","35.69","11520.00","29542.08","21753.50","5.09","0.61","8.30","1.24","","","1000000.00","0.10","","9.64"
"2022","2.00","7873752.67","6432977.67","4242449.00","3767344.67","475104.33","2190528.67","242802.00","191051.67","2535364.75","1231979.92","1290675.04","81.70","65.95","58.56","11.20","5.72","67.30","32.70","34.05","34.26","11008.00","29542.08","21753.50","5.09","0.61","8.30","1.24","","","1000000.00","0.10","","9.64"
"2022","3.00","7879110.33","6439075.67","4280243.67","3849102.67","431141.00","2158832.00","264013.33","203412.33","2571360.49","1277742.17","1360847.69","81.72","66.47","59.78","10.07","6.17","66.80","33.20","33.53","35.35","10559.00","30344.76","22009.05","2.89","0.39","6.06","0.91","","","1000000.00","0.10","","8.33"
"2022","3.00","7884515.67","6445201.00","4292863.33","3881889.67","410973.67","2152337.67","283981.00","216237.67","2607302.12","1274587.55","1381860.03","81.75","66.61","60.23","9.57","6.62","67.17","32.83","33.39","35.60","12759.00","30344.76","22009.05","2.89","0.39","6.06","0.91","","","1000000.00","0.10","","8.33"
"2022","3.00","7889963.33","6451353.67","4328229.00","3933267.33","394961.67","2123124.67","293973.67","211266.00","2637999.69","1295267.65","1396648.53","81.77","67.09","60.97","9.13","6.79","67.07","32.93","32.91","35.51","12191.00","30344.76","22009.05","2.89","0.39","6.06","0.91","","","1000000.00","0.10","","8.33"
"2022","4.00","7895386.33","6457466.67","4304413.67","3881182.67","423231.00","2153053.00","282102.67","226597.00","2654123.88","1227058.79","1284584.52","81.79","66.66","60.10","9.83","6.55","68.38","31.62","33.34","33.10","11085.00","30716.71","21802.82","1.26","-0.31","4.21","0.41","","","1000000.00","0.10","","9.12"
"2022","4.00","7900897.00","6463675.33","4352237.33","3829065.33","523172.00","2111438.00","279912.67","251080.67","2649526.91","1179538.42","1213613.98","81.81","67.33","59.24","12.02","6.43","69.20","30.80","32.67","31.69","10819.00","30716.71","21802.82","1.26","-0.31","4.21","0.41","","","1000000.00","0.10","","9.12"
"2022","4.00","7906431.00","6469913.67","4361246.67","3798227.67","563019.00","2108667.00","294308.33","242646.33","2577025.94","1221201.73","1244124.92","81.83","67.41","58.71","12.91","6.75","67.85","32.15","32.59","32.76","12964.00","30716.71","21802.82","1.26","-0.31","4.21","0.41","","","1000000.00","0.10","","9.12"
"2023","1.00","7911861.33","6476046.00","4423288.33","3867894.00","555394.00","2052757.67","292487.33","216821.00","2627386.40","1240507.60","1290156.94","81.85","68.30","59.73","12.56","6.61","67.93","32.07","31.70","33.36","6385.00","32028.90","22032.58","1.04","0.35","4.15","1.42","","","1160000.00","0.16","","8.74"
"2023","1.00","7917302.33","6482207.67","4423998.67","3949327.33","474671.00","2058209.00","317738.67","202516.33","2629679.75","1319647.58","1310519.11","81.87","68.25","60.93","10.73","7.18","66.59","33.41","31.75","33.18","10228.00","32028.90","22032.58","1.04","0.35","4.15","1.42","","","1160000.00","0.16","","8.74"
"2023","1.00","7922687.33","6488332.00","4451764.33","3972327.33","479436.67","2036567.67","301826.67","206599.33","2697175.62","1275151.71","1302816.83","81.90","68.61","61.22","10.77","6.78","67.90","32.10","31.39","32.80","9490.00","32028.90","22032.58","1.04","0.35","4.15","1.42","","","1160000.00","0.16","","8.74"
"2023","2.00","","","","","","","","","","","","","","","","","","","","","7616.00","32028.90","22032.58","1.04","0.35","4.15","1.42","","","1160000.00","0.16","",""
"2023","2.00","","","","","","","","","","","","","","","","","","","","","9350.00","32028.90","22032.58","1.04","0.35","4.15","1.42","","","1160000.00","0.16","",""
"2023","2.00","","","","","","","","","","","","","","","","","","","","","750.00","32028.90","22032.58","1.04","0.35","4.15","1.42","","","1160000.00","0.16","",""
"","","","","","","","","","","","","","","","","","","","","","","","","","","","","","","","","","",""
"","","","","","","","","","","","","","","","","","","","","","","","","","","","","","","","","","",""
"","","","","","","","","","","","","","","","","","","","","","","","","","","","","","","","","","",""
"","","","","","","","","","","","","","","","","","","","","","","","","","","","","","","","","","",""
"","","","","","","","","","","","","","","","","","","","","","","","","","","","","","","","","","",""
"","","","","","","","","","","","","","","","","","","","","","","","","","","","","","","","","","",""
"","","","","","","","","","","","","","","","","","","","","","","","","","","","","","","","","","",""
